app,type,keycount,year,month,day
msedge,Key,342,2024,09,28
WindowsTerminal,Key,31,2024,09,28
WeChatAppEx,Key,4,2024,09,28
explorer,Key,9,2024,09,28
steamwebhelper,Key,463,2024,09,28
Card Shop Simulator,Key,2343,2024,09,28
devcpp,Key,5795,2024,09,28
Feishu,Key,39,2024,09,28
QQ,Key,477,2024,09,28
WeChat,Key,52,2024,09,28
copytranslator,Key,63,2024,09,28
Typora,Key,689,2024,09,28
et,Key,16,2024,09,28
wps,Key,2787,2024,09,28
SysDefault,Key,4,2024,09,28
msedge,Mouse,3747,2024,09,28
HipsTray,Mouse,1,2024,09,28
WindowsTerminal,Mouse,69,2024,09,28
WeChatAppEx,Mouse,30,2024,09,28
ShellExperienceHost,Mouse,7,2024,09,28
explorer,Mouse,167,2024,09,28
cloudmusic,Mouse,35,2024,09,28
MuMuPlayer,Mouse,635,2024,09,28
steamwebhelper,Mouse,20,2024,09,28
Card Shop Simulator,Mouse,1769,2024,09,28
devcpp,Mouse,256,2024,09,28
Feishu,Mouse,135,2024,09,28
QQ,Mouse,227,2024,09,28
WeChat,Mouse,675,2024,09,28
copytranslator,Mouse,493,2024,09,28
Typora,Mouse,118,2024,09,28
et,Mouse,7,2024,09,28
wps,Mouse,4844,2024,09,28
wpspdf,Mouse,1,2024,09,28
SysDefault,Mouse,388,2024,09,28
msedge,Key,2961,2024,09,29
ApplicationFrameHost,Key,18,2024,09,29
LockApp,Key,2,2024,09,29
ShellExperienceHost,Key,1,2024,09,29
explorer,Key,18,2024,09,29
Card Shop Simulator,Key,1616,2024,09,29
Code,Key,4118,2024,09,29
Feishu,Key,43,2024,09,29
QQ,Key,1402,2024,09,29
WeChat,Key,1112,2024,09,29
copytranslator,Key,1,2024,09,29
Typora,Key,3750,2024,09,29
et,Key,1,2024,09,29
wps,Key,1081,2024,09,29
TickTick,Key,163,2024,09,29
SysDefault,Key,2,2024,09,29
msedge,Mouse,5954,2024,09,29
HipsMain,Mouse,8,2024,09,29
HipsTray,Mouse,2,2024,09,29
PopBlock,Mouse,5,2024,09,29
WeChatAppEx,Mouse,2,2024,09,29
ApplicationFrameHost,Mouse,65,2024,09,29
LockApp,Mouse,2,2024,09,29
StartMenuExperienceHost,Mouse,3,2024,09,29
SearchHost,Mouse,2,2024,09,29
ShellExperienceHost,Mouse,11,2024,09,29
explorer,Mouse,297,2024,09,29
cloudmusic,Mouse,2,2024,09,29
MuMuPlayer,Mouse,2408,2024,09,29
steamwebhelper,Mouse,19,2024,09,29
Card Shop Simulator,Mouse,1718,2024,09,29
PgyVisitorEnt,Mouse,3,2024,09,29
Code,Mouse,1137,2024,09,29
Feishu,Mouse,79,2024,09,29
QQ,Mouse,1879,2024,09,29
WeChat,Mouse,459,2024,09,29
copytranslator,Mouse,17,2024,09,29
Typora,Mouse,1356,2024,09,29
et,Mouse,1,2024,09,29
photolaunch,Mouse,1,2024,09,29
wps,Mouse,1205,2024,09,29
TickTick,Mouse,36,2024,09,29
SysDefault,Mouse,528,2024,09,29
msedge,Key,833,2024,09,30
WeChatAppEx,Key,7,2024,09,30
ShellExperienceHost,Key,1,2024,09,30
cloudmusic,Key,1,2024,09,30
MuMuPlayer,Key,58,2024,09,30
Code,Key,1335,2024,09,30
wemeetapp,Key,8,2024,09,30
QQ,Key,212,2024,09,30
WeChat,Key,5515,2024,09,30
Typora,Key,18,2024,09,30
wps,Key,28,2024,09,30
SysDefault,Key,7,2024,09,30
msedge,Mouse,2776,2024,09,30
HipsMain,Mouse,4,2024,09,30
HipsTray,Mouse,1,2024,09,30
OneDrive,Mouse,3,2024,09,30
WeChatAppEx,Mouse,106,2024,09,30
Clash for Windows,Mouse,10,2024,09,30
ApplicationFrameHost,Mouse,132,2024,09,30
StartMenuExperienceHost,Mouse,4,2024,09,30
SearchHost,Mouse,1,2024,09,30
ShellExperienceHost,Mouse,20,2024,09,30
explorer,Mouse,175,2024,09,30
cloudmusic,Mouse,26,2024,09,30
MuMuPlayer,Mouse,830,2024,09,30
steamwebhelper,Mouse,2,2024,09,30
PgyVisitorEnt,Mouse,3,2024,09,30
Code,Mouse,5079,2024,09,30
wemeetapp,Mouse,481,2024,09,30
QQ,Mouse,495,2024,09,30
WeChat,Mouse,1563,2024,09,30
Typora,Mouse,40,2024,09,30
wps,Mouse,58,2024,09,30
SysDefault,Mouse,567,2024,09,30
msedge,Key,52,2024,10,01
ShellExperienceHost,Key,11,2024,10,01
QQ,Key,268,2024,10,01
wps,Key,3,2024,10,01
msedge,Mouse,604,2024,10,01
LockApp,Mouse,1,2024,10,01
StartMenuExperienceHost,Mouse,3,2024,10,01
ShellExperienceHost,Mouse,6,2024,10,01
explorer,Mouse,8,2024,10,01
cloudmusic,Mouse,3,2024,10,01
MuMuPlayer,Mouse,218,2024,10,01
PgyVisitorEnt,Mouse,3,2024,10,01
QQ,Mouse,301,2024,10,01
wps,Mouse,113,2024,10,01
SysDefault,Mouse,25,2024,10,01
msedge,Key,9539,2024,10,02
WindowsTerminal,Key,217,2024,10,02
WeChatAppEx,Key,1,2024,10,02
SearchHost,Key,39,2024,10,02
explorer,Key,102,2024,10,02
MuMuPlayer,Key,5,2024,10,02
Code,Key,1985,2024,10,02
Feishu,Key,5,2024,10,02
QQ,Key,1326,2024,10,02
WeChat,Key,1,2024,10,02
copytranslator,Key,30,2024,10,02
Typora,Key,1148,2024,10,02
wps,Key,72,2024,10,02
SysDefault,Key,6,2024,10,02
msedge,Mouse,11948,2024,10,02
HipsTray,Mouse,4,2024,10,02
Notepad,Mouse,1,2024,10,02
WindowsTerminal,Mouse,58,2024,10,02
WeChatAppEx,Mouse,6,2024,10,02
WeChatUpdate,Mouse,1,2024,10,02
Clash for Windows,Mouse,38,2024,10,02
x86_64,Mouse,5,2024,10,02
ApplicationFrameHost,Mouse,12,2024,10,02
Taskmgr,Mouse,17,2024,10,02
LockApp,Mouse,3,2024,10,02
StartMenuExperienceHost,Mouse,3,2024,10,02
SearchHost,Mouse,14,2024,10,02
ShellExperienceHost,Mouse,12,2024,10,02
explorer,Mouse,1026,2024,10,02
cloudmusic,Mouse,4,2024,10,02
MuMuPlayer,Mouse,2363,2024,10,02
steamwebhelper,Mouse,3,2024,10,02
PgyVisitorEnt,Mouse,5,2024,10,02
Code,Mouse,3997,2024,10,02
Feishu,Mouse,28,2024,10,02
QQ,Mouse,265,2024,10,02
WeChat,Mouse,96,2024,10,02
copytranslator,Mouse,59,2024,10,02
Typora,Mouse,670,2024,10,02
photolaunch,Mouse,1,2024,10,02
wps,Mouse,487,2024,10,02
SysDefault,Mouse,733,2024,10,02
msedge,Key,12452,2024,10,03
WeChatAppEx,Key,1,2024,10,03
ShellExperienceHost,Key,1,2024,10,03
Code,Key,97,2024,10,03
QQ,Key,1036,2024,10,03
WeChat,Key,544,2024,10,03
Typora,Key,210,2024,10,03
SysDefault,Key,13,2024,10,03
msedge,Mouse,7441,2024,10,03
HipsTray,Mouse,4,2024,10,03
OneDrive,Mouse,2,2024,10,03
WeChatAppEx,Mouse,18,2024,10,03
Clash for Windows,Mouse,6,2024,10,03
ApplicationFrameHost,Mouse,39,2024,10,03
LockApp,Mouse,2,2024,10,03
StartMenuExperienceHost,Mouse,1,2024,10,03
SearchHost,Mouse,2,2024,10,03
ShellExperienceHost,Mouse,22,2024,10,03
explorer,Mouse,114,2024,10,03
cloudmusic,Mouse,6,2024,10,03
MuMuPlayer,Mouse,4859,2024,10,03
steamwebhelper,Mouse,2,2024,10,03
Code,Mouse,180,2024,10,03
QQ,Mouse,157,2024,10,03
WeChat,Mouse,247,2024,10,03
Typora,Mouse,234,2024,10,03
SysDefault,Mouse,255,2024,10,03
msedge,Key,8858,2024,10,04
Notepad,Key,319,2024,10,04
WeChatAppEx,Key,2,2024,10,04
explorer,Key,37,2024,10,04
Code,Key,70,2024,10,04
Feishu,Key,39,2024,10,04
QQ,Key,3140,2024,10,04
WeChat,Key,658,2024,10,04
Typora,Key,1770,2024,10,04
wps,Key,1969,2024,10,04
SysDefault,Key,2,2024,10,04
msedge,Mouse,8025,2024,10,04
HipsTray,Mouse,1,2024,10,04
SnippingTool,Mouse,1,2024,10,04
Notepad,Mouse,8,2024,10,04
WeChatAppEx,Mouse,46,2024,10,04
Clash for Windows,Mouse,33,2024,10,04
LockApp,Mouse,2,2024,10,04
ShellExperienceHost,Mouse,23,2024,10,04
explorer,Mouse,188,2024,10,04
cloudmusic,Mouse,12,2024,10,04
MuMuPlayer,Mouse,1948,2024,10,04
Code,Mouse,85,2024,10,04
Feishu,Mouse,256,2024,10,04
QQ,Mouse,408,2024,10,04
WeChat,Mouse,196,2024,10,04
Typora,Mouse,546,2024,10,04
et,Mouse,7,2024,10,04
wps,Mouse,5338,2024,10,04
wpspdf,Mouse,1,2024,10,04
TickTick,Mouse,15,2024,10,04
SysDefault,Mouse,357,2024,10,04
msedge,Key,1145,2024,10,05
Notepad,Key,126,2024,10,05
WindowsTerminal,Key,445,2024,10,05
explorer,Key,112,2024,10,05
MuMuPlayer,Key,11,2024,10,05
devcpp,Key,154,2024,10,05
QQ,Key,2888,2024,10,05
copytranslator,Key,10,2024,10,05
Typora,Key,2833,2024,10,05
wps,Key,1742,2024,10,05
SysDefault,Key,25,2024,10,05
msedge,Mouse,4203,2024,10,05
Notepad,Mouse,62,2024,10,05
WindowsTerminal,Mouse,137,2024,10,05
OneDrive,Mouse,2,2024,10,05
Clash for Windows,Mouse,3,2024,10,05
Clash for Windows,Mouse,33,2024,10,05
ApplicationFrameHost,Mouse,15,2024,10,05
OpenWith,Mouse,1,2024,10,05
rundll32,Mouse,1,2024,10,05
LockApp,Mouse,2,2024,10,05
StartMenuExperienceHost,Mouse,6,2024,10,05
SearchHost,Mouse,4,2024,10,05
ShellExperienceHost,Mouse,27,2024,10,05
explorer,Mouse,856,2024,10,05
cloudmusic,Mouse,6,2024,10,05
MuMuPlayer,Mouse,2630,2024,10,05
devcpp,Mouse,248,2024,10,05
Code,Mouse,44,2024,10,05
Feishu,Mouse,47,2024,10,05
QQ,Mouse,361,2024,10,05
copytranslator,Mouse,50,2024,10,05
Typora,Mouse,536,2024,10,05
wps,Mouse,1928,2024,10,05
wpspdf,Mouse,2,2024,10,05
SysDefault,Mouse,403,2024,10,05
msedge,Key,593,2024,10,06
WeChatAppEx,Key,4,2024,10,06
ApplicationFrameHost,Key,6,2024,10,06
SearchHost,Key,26,2024,10,06
ShellExperienceHost,Key,1,2024,10,06
explorer,Key,1,2024,10,06
steamwebhelper,Key,15,2024,10,06
Shipping,Key,33459,2024,10,06
Feishu,Key,155,2024,10,06
QQ,Key,3486,2024,10,06
WeChat,Key,673,2024,10,06
wps,Key,2493,2024,10,06
SysDefault,Key,7,2024,10,06
msedge,Mouse,5179,2024,10,06
HipsMain,Mouse,74,2024,10,06
HipsTray,Mouse,4,2024,10,06
PopBlock,Mouse,2,2024,10,06
Au_,Mouse,2,2024,10,06
WeChatAppEx,Mouse,37,2024,10,06
Clash for Windows,Mouse,23,2024,10,06
ApplicationFrameHost,Mouse,5,2024,10,06
StartMenuExperienceHost,Mouse,2,2024,10,06
SearchHost,Mouse,5,2024,10,06
ShellExperienceHost,Mouse,38,2024,10,06
explorer,Mouse,324,2024,10,06
cloudmusic,Mouse,1,2024,10,06
MuMuPlayer,Mouse,1843,2024,10,06
steamwebhelper,Mouse,251,2024,10,06
Shipping,Mouse,3237,2024,10,06
Feishu,Mouse,95,2024,10,06
QQ,Mouse,1289,2024,10,06
WeChat,Mouse,86,2024,10,06
SGMyInput,Mouse,22,2024,10,06
Typora,Mouse,88,2024,10,06
et,Mouse,2,2024,10,06
wps,Mouse,4428,2024,10,06
SysDefault,Mouse,744,2024,10,06
msedge,Key,18109,2024,10,07
SnippingTool,Key,4,2024,10,07
Notepad,Key,333,2024,10,07
WindowsTerminal,Key,777,2024,10,07
SearchHost,Key,3,2024,10,07
explorer,Key,440,2024,10,07
devcpp,Key,15548,2024,10,07
QQ,Key,305,2024,10,07
WeChat,Key,158,2024,10,07
wps,Key,668,2024,10,07
mailmaster,Key,130,2024,10,07
SysDefault,Key,5,2024,10,07
msedge,Mouse,687,2024,10,07
HipsTray,Mouse,2,2024,10,07
SnippingTool,Mouse,2,2024,10,07
Notepad,Mouse,30,2024,10,07
WindowsTerminal,Mouse,76,2024,10,07
Clash for Windows,Mouse,4,2024,10,07
LockApp,Mouse,9,2024,10,07
StartMenuExperienceHost,Mouse,4,2024,10,07
SearchHost,Mouse,3,2024,10,07
ShellExperienceHost,Mouse,8,2024,10,07
explorer,Mouse,405,2024,10,07
cloudmusic,Mouse,4,2024,10,07
MuMuPlayer,Mouse,364,2024,10,07
steamwebhelper,Mouse,6,2024,10,07
PgyVisitorEnt,Mouse,5,2024,10,07
devcpp,Mouse,154,2024,10,07
QQ,Mouse,20,2024,10,07
WeChat,Mouse,5,2024,10,07
et,Mouse,3,2024,10,07
wps,Mouse,112,2024,10,07
TickTick,Mouse,7,2024,10,07
mailmaster,Mouse,64,2024,10,07
SysDefault,Mouse,313,2024,10,07
msedge,Key,1879,2024,10,08
Notepad,Key,13,2024,10,08
WindowsTerminal,Key,74,2024,10,08
WeChatAppEx,Key,1,2024,10,08
msiexec,Key,8,2024,10,08
SearchHost,Key,4,2024,10,08
explorer,Key,189,2024,10,08
Shipping,Key,706,2024,10,08
devcpp,Key,890,2024,10,08
Code,Key,3555,2024,10,08
Feishu,Key,1169,2024,10,08
QQ,Key,1021,2024,10,08
WeChat,Key,2502,2024,10,08
Typora,Key,173,2024,10,08
wps,Key,633,2024,10,08
mailmaster,Key,235,2024,10,08
SysDefault,Key,2,2024,10,08
msedge,Mouse,3417,2024,10,08
SnippingTool,Mouse,2,2024,10,08
Notepad,Mouse,18,2024,10,08
WindowsTerminal,Mouse,80,2024,10,08
WeChatAppEx,Mouse,3,2024,10,08
Clash for Windows,Mouse,3,2024,10,08
powershell,Mouse,1,2024,10,08
ApplicationFrameHost,Mouse,2,2024,10,08
msiexec,Mouse,29,2024,10,08
LockApp,Mouse,2,2024,10,08
StartMenuExperienceHost,Mouse,4,2024,10,08
ShellExperienceHost,Mouse,16,2024,10,08
explorer,Mouse,1088,2024,10,08
cloudmusic,Mouse,138,2024,10,08
MuMuPlayer,Mouse,3346,2024,10,08
steamwebhelper,Mouse,41,2024,10,08
Shipping,Mouse,138,2024,10,08
PgyVisitorEnt,Mouse,7,2024,10,08
devcpp,Mouse,340,2024,10,08
Code,Mouse,1430,2024,10,08
Feishu,Mouse,186,2024,10,08
QQ,Mouse,404,2024,10,08
WeChat,Mouse,960,2024,10,08
Typora,Mouse,87,2024,10,08
et,Mouse,1,2024,10,08
photolaunch,Mouse,24,2024,10,08
wps,Mouse,1318,2024,10,08
mailmaster,Mouse,55,2024,10,08
SysDefault,Mouse,797,2024,10,08
msedge,Key,1970,2024,10,09
Notepad,Key,1295,2024,10,09
WindowsTerminal,Key,162,2024,10,09
WeChatAppEx,Key,4,2024,10,09
explorer,Key,233,2024,10,09
MuMuPlayer,Key,76,2024,10,09
Shipping,Key,9258,2024,10,09
devcpp,Key,272,2024,10,09
Code,Key,8729,2024,10,09
Feishu,Key,551,2024,10,09
QQ,Key,11885,2024,10,09
WeChat,Key,998,2024,10,09
Typora,Key,98,2024,10,09
wps,Key,1492,2024,10,09
mailmaster,Key,55,2024,10,09
SysDefault,Key,18,2024,10,09
msedge,Mouse,5658,2024,10,09
HipsTray,Mouse,2,2024,10,09
Notepad,Mouse,122,2024,10,09
WindowsTerminal,Mouse,70,2024,10,09
OneDrive,Mouse,2,2024,10,09
x64),Mouse,1,2024,10,09
x64),Mouse,1,2024,10,09
x64),Mouse,1,2024,10,09
����AI������5,Mouse,1,2024,10,09
20240927172929),Mouse,1,2024,10,09
WeChatAppEx,Mouse,56,2024,10,09
ApplicationFrameHost,Mouse,127,2024,10,09
OpenWith,Mouse,1,2024,10,09
StartMenuExperienceHost,Mouse,4,2024,10,09
ShellExperienceHost,Mouse,26,2024,10,09
explorer,Mouse,716,2024,10,09
cloudmusic,Mouse,114,2024,10,09
MuMuPlayer,Mouse,2941,2024,10,09
steamwebhelper,Mouse,4,2024,10,09
Shipping,Mouse,1132,2024,10,09
PgyVisitorEnt,Mouse,6,2024,10,09
devcpp,Mouse,495,2024,10,09
Code,Mouse,932,2024,10,09
Feishu,Mouse,149,2024,10,09
QQ,Mouse,4233,2024,10,09
WeChat,Mouse,447,2024,10,09
Typora,Mouse,194,2024,10,09
wps,Mouse,472,2024,10,09
QuarkCloudDrive,Mouse,47,2024,10,09
mailmaster,Mouse,74,2024,10,09
SysDefault,Mouse,1121,2024,10,09
msedge,Key,881,2024,10,10
Notepad,Key,93,2024,10,10
WindowsTerminal,Key,118,2024,10,10
WeChatAppEx,Key,2,2024,10,10
explorer,Key,67,2024,10,10
cloudmusic,Key,10,2024,10,10
MuMuPlayer,Key,1,2024,10,10
steamwebhelper,Key,50,2024,10,10
Shipping,Key,13610,2024,10,10
devcpp,Key,7313,2024,10,10
Feishu,Key,12,2024,10,10
QQ,Key,3300,2024,10,10
WeChat,Key,883,2024,10,10
wps,Key,480,2024,10,10
client,Key,4,2024,10,10
SysDefault,Key,55,2024,10,10
msedge,Mouse,8141,2024,10,10
HipsTray,Mouse,3,2024,10,10
Notepad,Mouse,23,2024,10,10
WindowsTerminal,Mouse,124,2024,10,10
WeChatAppEx,Mouse,17,2024,10,10
Clash for Windows,Mouse,12,2024,10,10
rundll32,Mouse,2,2024,10,10
StartMenuExperienceHost,Mouse,1,2024,10,10
ShellExperienceHost,Mouse,11,2024,10,10
explorer,Mouse,212,2024,10,10
cloudmusic,Mouse,24,2024,10,10
MuMuPlayer,Mouse,1177,2024,10,10
steamwebhelper,Mouse,18,2024,10,10
Shipping,Mouse,1427,2024,10,10
PgyVisitorEnt,Mouse,1,2024,10,10
devcpp,Mouse,560,2024,10,10
Feishu,Mouse,56,2024,10,10
QQ,Mouse,2043,2024,10,10
WeChat,Mouse,520,2024,10,10
wps,Mouse,983,2024,10,10
wpspdf,Mouse,2,2024,10,10
QuarkCloudDrive,Mouse,7,2024,10,10
client,Mouse,3,2024,10,10
client,Mouse,5,2024,10,10
SysDefault,Mouse,472,2024,10,10
msedge,Key,5724,2024,10,11
Notepad,Key,2927,2024,10,11
WindowsTerminal,Key,981,2024,10,11
WeChatAppEx,Key,10,2024,10,11
ApplicationFrameHost,Key,1,2024,10,11
ShellExperienceHost,Key,1,2024,10,11
explorer,Key,63,2024,10,11
steamwebhelper,Key,887,2024,10,11
Shipping,Key,6946,2024,10,11
devcpp,Key,1690,2024,10,11
Code,Key,6194,2024,10,11
QQ,Key,2111,2024,10,11
WeChat,Key,780,2024,10,11
wps,Key,18,2024,10,11
SysDefault,Key,2,2024,10,11
msedge,Mouse,9052,2024,10,11
HipsMain,Mouse,11,2024,10,11
HipsTray,Mouse,2,2024,10,11
SnippingTool,Mouse,1,2024,10,11
Notepad,Mouse,1,2024,10,11
Notepad,Mouse,25,2024,10,11
WindowsTerminal,Mouse,83,2024,10,11
OneDrive,Mouse,1,2024,10,11
WeChatAppEx,Mouse,151,2024,10,11
Clash for Windows,Mouse,4,2024,10,11
ApplicationFrameHost,Mouse,62,2024,10,11
LockApp,Mouse,19,2024,10,11
StartMenuExperienceHost,Mouse,3,2024,10,11
SearchHost,Mouse,1,2024,10,11
ShellExperienceHost,Mouse,17,2024,10,11
explorer,Mouse,479,2024,10,11
cloudmusic,Mouse,3,2024,10,11
MuMuPlayer,Mouse,701,2024,10,11
steamwebhelper,Mouse,27,2024,10,11
Shipping,Mouse,702,2024,10,11
PgyVisitorEnt,Mouse,3,2024,10,11
devcpp,Mouse,364,2024,10,11
Code,Mouse,1581,2024,10,11
Feishu,Mouse,38,2024,10,11
QQ,Mouse,953,2024,10,11
WeChat,Mouse,1026,2024,10,11
Typora,Mouse,154,2024,10,11
et,Mouse,1,2024,10,11
photolaunch,Mouse,37,2024,10,11
wps,Mouse,1070,2024,10,11
QuarkCloudDrive,Mouse,1,2024,10,11
SysDefault,Mouse,770,2024,10,11
msedge,Key,959,2024,10,12
WindowsTerminal,Key,125,2024,10,12
WeChatAppEx,Key,2,2024,10,12
SearchHost,Key,1,2024,10,12
MuMuPlayer,Key,2,2024,10,12
Shipping,Key,1286,2024,10,12
Shipping,Key,11668,2024,10,12
devcpp,Key,6296,2024,10,12
QQ,Key,1258,2024,10,12
WeChat,Key,211,2024,10,12
SysDefault,Key,25,2024,10,12
msedge,Mouse,3598,2024,10,12
HipsTray,Mouse,2,2024,10,12
WindowsTerminal,Mouse,143,2024,10,12
WeChatAppEx,Mouse,3,2024,10,12
ApplicationFrameHost,Mouse,41,2024,10,12
LockApp,Mouse,2,2024,10,12
StartMenuExperienceHost,Mouse,2,2024,10,12
ShellExperienceHost,Mouse,15,2024,10,12
explorer,Mouse,103,2024,10,12
cloudmusic,Mouse,4,2024,10,12
MuMuPlayer,Mouse,1069,2024,10,12
Shipping,Mouse,166,2024,10,12
Shipping,Mouse,2578,2024,10,12
devcpp,Mouse,796,2024,10,12
QQ,Mouse,832,2024,10,12
WeChat,Mouse,83,2024,10,12
SysDefault,Mouse,369,2024,10,12
msedge,Key,952,2024,10,13
WindowsTerminal,Key,45,2024,10,13
explorer,Key,164,2024,10,13
MuMuPlayer,Key,18,2024,10,13
steamwebhelper,Key,25,2024,10,13
Shipping,Key,13,2024,10,13
devcpp,Key,6312,2024,10,13
Code,Key,4955,2024,10,13
QQ,Key,1548,2024,10,13
WeChat,Key,1371,2024,10,13
Typora,Key,6988,2024,10,13
wps,Key,20,2024,10,13
SysDefault,Key,5,2024,10,13
msedge,Mouse,4052,2024,10,13
SnippingTool,Mouse,1,2024,10,13
WindowsTerminal,Mouse,13,2024,10,13
lemon,Mouse,54,2024,10,13
LockApp,Mouse,1,2024,10,13
StartMenuExperienceHost,Mouse,1,2024,10,13
SearchHost,Mouse,1,2024,10,13
ShellExperienceHost,Mouse,8,2024,10,13
explorer,Mouse,506,2024,10,13
cloudmusic,Mouse,17,2024,10,13
MuMuPlayer,Mouse,1834,2024,10,13
MuMuPlayerUpdater,Mouse,2,2024,10,13
steamwebhelper,Mouse,10,2024,10,13
Shipping,Mouse,2,2024,10,13
devcpp,Mouse,423,2024,10,13
Code,Mouse,356,2024,10,13
Feishu,Mouse,47,2024,10,13
QQ,Mouse,1760,2024,10,13
WeChat,Mouse,611,2024,10,13
Typora,Mouse,489,2024,10,13
wps,Mouse,420,2024,10,13
wpscloudsvr,Mouse,1,2024,10,13
wpspdf,Mouse,1,2024,10,13
SysDefault,Mouse,638,2024,10,13
msedge,Key,1127,2024,10,14
WeChatAppEx,Key,11,2024,10,14
explorer,Key,101,2024,10,14
MuMuPlayer,Key,11,2024,10,14
Shipping,Key,34,2024,10,14
Code,Key,3179,2024,10,14
Feishu,Key,85,2024,10,14
wemeetapp,Key,4,2024,10,14
QQ,Key,1828,2024,10,14
WeChat,Key,1736,2024,10,14
wps,Key,11,2024,10,14
wpspdf,Key,45,2024,10,14
mailmaster,Key,39,2024,10,14
SysDefault,Key,4,2024,10,14
msedge,Mouse,5658,2024,10,14
HRConfig,Mouse,1,2024,10,14
HipsTray,Mouse,2,2024,10,14
SnippingTool,Mouse,3,2024,10,14
OneDrive,Mouse,1,2024,10,14
WeChatAppEx,Mouse,237,2024,10,14
StartMenuExperienceHost,Mouse,2,2024,10,14
SearchHost,Mouse,1,2024,10,14
ShellExperienceHost,Mouse,18,2024,10,14
explorer,Mouse,500,2024,10,14
cloudmusic,Mouse,5,2024,10,14
MuMuPlayer,Mouse,513,2024,10,14
steamwebhelper,Mouse,5,2024,10,14
Shipping,Mouse,67,2024,10,14
devcpp,Mouse,5,2024,10,14
Code,Mouse,2423,2024,10,14
Feishu,Mouse,47,2024,10,14
wemeetapp,Mouse,93,2024,10,14
QQ,Mouse,1636,2024,10,14
WeChat,Mouse,1957,2024,10,14
photolaunch,Mouse,19,2024,10,14
wps,Mouse,111,2024,10,14
wpspdf,Mouse,8,2024,10,14
mailmaster,Mouse,58,2024,10,14
SysDefault,Mouse,455,2024,10,14
msedge,Key,1684,2024,10,15
WindowsTerminal,Key,640,2024,10,15
SearchHost,Key,15,2024,10,15
explorer,Key,41,2024,10,15
steamwebhelper,Key,17,2024,10,15
Popucom,Key,12550,2024,10,15
devcpp,Key,11692,2024,10,15
Code,Key,834,2024,10,15
Feishu,Key,1,2024,10,15
QQ,Key,637,2024,10,15
WeChat,Key,15,2024,10,15
et,Key,16,2024,10,15
wps,Key,28,2024,10,15
SysDefault,Key,10,2024,10,15
msedge,Mouse,6685,2024,10,15
HipsTray,Mouse,3,2024,10,15
WindowsTerminal,Mouse,320,2024,10,15
Clash for Windows,Mouse,4,2024,10,15
LockApp,Mouse,8,2024,10,15
StartMenuExperienceHost,Mouse,4,2024,10,15
SearchHost,Mouse,4,2024,10,15
ShellExperienceHost,Mouse,18,2024,10,15
explorer,Mouse,191,2024,10,15
cloudmusic,Mouse,56,2024,10,15
MuMuPlayer,Mouse,235,2024,10,15
steamwebhelper,Mouse,103,2024,10,15
Popucom,Mouse,4599,2024,10,15
devcpp,Mouse,1837,2024,10,15
Code,Mouse,521,2024,10,15
Feishu,Mouse,9,2024,10,15
QQ,Mouse,459,2024,10,15
WeChat,Mouse,87,2024,10,15
et,Mouse,28,2024,10,15
photolaunch,Mouse,1,2024,10,15
wps,Mouse,278,2024,10,15
SysDefault,Mouse,375,2024,10,15
msedge,Key,2067,2024,10,16
Notepad,Key,180,2024,10,16
WindowsTerminal,Key,262,2024,10,16
WeChatAppEx,Key,1,2024,10,16
SearchHost,Key,8,2024,10,16
ShellExperienceHost,Key,1,2024,10,16
explorer,Key,90,2024,10,16
MuMuPlayer,Key,5,2024,10,16
Popucom,Key,4399,2024,10,16
devcpp,Key,12754,2024,10,16
Code,Key,1931,2024,10,16
Feishu,Key,926,2024,10,16
QQ,Key,4647,2024,10,16
WeChat,Key,734,2024,10,16
Typora,Key,3637,2024,10,16
wps,Key,347,2024,10,16
mailmaster,Key,36,2024,10,16
SysDefault,Key,32,2024,10,16
msedge,Mouse,6143,2024,10,16
Notepad,Mouse,146,2024,10,16
WindowsTerminal,Mouse,1936,2024,10,16
WeChatAppEx,Mouse,2,2024,10,16
ApplicationFrameHost,Mouse,38,2024,10,16
LockApp,Mouse,2,2024,10,16
StartMenuExperienceHost,Mouse,6,2024,10,16
SearchHost,Mouse,1,2024,10,16
ShellExperienceHost,Mouse,5,2024,10,16
explorer,Mouse,769,2024,10,16
cloudmusic,Mouse,7,2024,10,16
MuMuPlayer,Mouse,2791,2024,10,16
Popucom,Mouse,1103,2024,10,16
devcpp,Mouse,5267,2024,10,16
Code,Mouse,1148,2024,10,16
Feishu,Mouse,449,2024,10,16
QQ,Mouse,1744,2024,10,16
WeChat,Mouse,874,2024,10,16
Typora,Mouse,329,2024,10,16
et,Mouse,9,2024,10,16
photolaunch,Mouse,1,2024,10,16
wps,Mouse,2374,2024,10,16
mailmaster,Mouse,42,2024,10,16
SysDefault,Mouse,929,2024,10,16
msedge,Key,1781,2024,10,17
WindowsTerminal,Key,6,2024,10,17
WeChatAppEx,Key,1,2024,10,17
explorer,Key,8,2024,10,17
MuMuPlayer,Key,22,2024,10,17
devcpp,Key,1123,2024,10,17
Code,Key,1645,2024,10,17
Feishu,Key,9,2024,10,17
QQ,Key,4587,2024,10,17
WeChat,Key,682,2024,10,17
copytranslator,Key,32,2024,10,17
Typora,Key,657,2024,10,17
wps,Key,3,2024,10,17
SysDefault,Key,8,2024,10,17
msedge,Mouse,4450,2024,10,17
SnippingTool,Mouse,1,2024,10,17
WindowsTerminal,Mouse,2,2024,10,17
WeChatAppEx,Mouse,15,2024,10,17
Clash for Windows,Mouse,7,2024,10,17
ShellExperienceHost,Mouse,11,2024,10,17
explorer,Mouse,111,2024,10,17
cloudmusic,Mouse,19,2024,10,17
MuMuPlayer,Mouse,2974,2024,10,17
steamwebhelper,Mouse,2,2024,10,17
devcpp,Mouse,136,2024,10,17
Code,Mouse,1207,2024,10,17
Feishu,Mouse,57,2024,10,17
QQ,Mouse,2349,2024,10,17
WeChat,Mouse,734,2024,10,17
copytranslator,Mouse,81,2024,10,17
Typora,Mouse,131,2024,10,17
wps,Mouse,74,2024,10,17
SysDefault,Mouse,481,2024,10,17
msedge,Key,641,2024,10,18
WindowsTerminal,Key,338,2024,10,18
WeChatAppEx,Key,2,2024,10,18
explorer,Key,113,2024,10,18
cloudmusic,Key,4,2024,10,18
steamwebhelper,Key,280,2024,10,18
Code,Key,1330,2024,10,18
Feishu,Key,11,2024,10,18
QQ,Key,2690,2024,10,18
WeChat,Key,705,2024,10,18
Typora,Key,574,2024,10,18
wps,Key,7592,2024,10,18
SysDefault,Key,7,2024,10,18
msedge,Mouse,3063,2024,10,18
HipsTray,Mouse,4,2024,10,18
WindowsTerminal,Mouse,16,2024,10,18
WeChatAppEx,Mouse,75,2024,10,18
LockApp,Mouse,2,2024,10,18
StartMenuExperienceHost,Mouse,4,2024,10,18
SearchHost,Mouse,3,2024,10,18
ShellExperienceHost,Mouse,15,2024,10,18
explorer,Mouse,274,2024,10,18
cloudmusic,Mouse,6,2024,10,18
MuMuPlayer,Mouse,695,2024,10,18
steamwebhelper,Mouse,43,2024,10,18
Code,Mouse,372,2024,10,18
Feishu,Mouse,21,2024,10,18
QQ,Mouse,1838,2024,10,18
WeChat,Mouse,376,2024,10,18
Typora,Mouse,367,2024,10,18
wps,Mouse,7485,2024,10,18
wpspdf,Mouse,6,2024,10,18
SysDefault,Mouse,583,2024,10,18
msedge,Key,872,2024,10,19
WeChatAppEx,Key,12,2024,10,19
explorer,Key,2,2024,10,19
cloudmusic,Key,1,2024,10,19
MuMuPlayer,Key,3,2024,10,19
Code,Key,1291,2024,10,19
QQ,Key,545,2024,10,19
WeChat,Key,1882,2024,10,19
wpp,Key,10,2024,10,19
wps,Key,1307,2024,10,19
msedge,Mouse,3927,2024,10,19
HipsTray,Mouse,1,2024,10,19
Notepad,Mouse,1,2024,10,19
OneDrive,Mouse,1,2024,10,19
WeChatAppEx,Mouse,111,2024,10,19
Clash for Windows,Mouse,3,2024,10,19
ApplicationFrameHost,Mouse,3,2024,10,19
StartMenuExperienceHost,Mouse,2,2024,10,19
ShellExperienceHost,Mouse,7,2024,10,19
explorer,Mouse,93,2024,10,19
cloudmusic,Mouse,99,2024,10,19
MuMuPlayer,Mouse,3524,2024,10,19
steamwebhelper,Mouse,55,2024,10,19
Code,Mouse,1895,2024,10,19
QQ,Mouse,1625,2024,10,19
WeChat,Mouse,500,2024,10,19
wpp,Mouse,70,2024,10,19
wps,Mouse,1392,2024,10,19
SysDefault,Mouse,370,2024,10,19
msedge,Key,796,2024,10,20
mspaint,Key,5,2024,10,20
WindowsTerminal,Key,462,2024,10,20
LockApp,Key,1,2024,10,20
SearchHost,Key,8,2024,10,20
explorer,Key,28,2024,10,20
steamwebhelper,Key,21,2024,10,20
Shipping,Key,10,2024,10,20
devcpp,Key,18549,2024,10,20
Code,Key,2316,2024,10,20
QQ,Key,3449,2024,10,20
WeChat,Key,266,2024,10,20
SysDefault,Key,38,2024,10,20
msedge,Mouse,4702,2024,10,20
HipsTray,Mouse,2,2024,10,20
mspaint,Mouse,81,2024,10,20
WindowsTerminal,Mouse,154,2024,10,20
LockApp,Mouse,1,2024,10,20
StartMenuExperienceHost,Mouse,2,2024,10,20
SearchHost,Mouse,5,2024,10,20
ShellExperienceHost,Mouse,7,2024,10,20
explorer,Mouse,132,2024,10,20
cloudmusic,Mouse,52,2024,10,20
MuMuPlayer,Mouse,748,2024,10,20
steamwebhelper,Mouse,13,2024,10,20
Shipping,Mouse,5,2024,10,20
devcpp,Mouse,1797,2024,10,20
Code,Mouse,3534,2024,10,20
QQ,Mouse,1202,2024,10,20
WeChat,Mouse,110,2024,10,20
Typora,Mouse,3,2024,10,20
SysDefault,Mouse,572,2024,10,20
msedge,Key,694,2024,10,21
WindowsTerminal,Key,3,2024,10,21
WeChatAppEx,Key,108,2024,10,21
ApplicationFrameHost,Key,88,2024,10,21
explorer,Key,468,2024,10,21
Shipping,Key,2,2024,10,21
Feishu,Key,975,2024,10,21
QQ,Key,410,2024,10,21
WeChat,Key,643,2024,10,21
wps,Key,2816,2024,10,21
msedge,Mouse,2454,2024,10,21
HipsTray,Mouse,2,2024,10,21
WindowsTerminal,Mouse,45,2024,10,21
WeChatAppEx,Mouse,139,2024,10,21
ApplicationFrameHost,Mouse,113,2024,10,21
LockApp,Mouse,2,2024,10,21
StartMenuExperienceHost,Mouse,10,2024,10,21
SearchHost,Mouse,2,2024,10,21
explorer,Mouse,295,2024,10,21
cloudmusic,Mouse,3,2024,10,21
MuMuPlayer,Mouse,2801,2024,10,21
steamwebhelper,Mouse,1,2024,10,21
Shipping,Mouse,5,2024,10,21
Feishu,Mouse,291,2024,10,21
QQ,Mouse,898,2024,10,21
WeChat,Mouse,995,2024,10,21
photolaunch,Mouse,3,2024,10,21
wps,Mouse,284,2024,10,21
SysDefault,Mouse,391,2024,10,21
msedge,Key,1337,2024,10,22
WindowsTerminal,Key,130,2024,10,22
WeChatAppEx,Key,9,2024,10,22
explorer,Key,173,2024,10,22
MuMuPlayer,Key,1,2024,10,22
devcpp,Key,2126,2024,10,22
Code,Key,159,2024,10,22
QQ,Key,1392,2024,10,22
WeChat,Key,569,2024,10,22
wps,Key,910,2024,10,22
SysDefault,Key,22,2024,10,22
msedge,Mouse,1238,2024,10,22
Notepad,Mouse,2,2024,10,22
WindowsTerminal,Mouse,11,2024,10,22
OneDrive,Mouse,2,2024,10,22
WeChatAppEx,Mouse,102,2024,10,22
LockApp,Mouse,3,2024,10,22
StartMenuExperienceHost,Mouse,5,2024,10,22
ShellExperienceHost,Mouse,16,2024,10,22
explorer,Mouse,194,2024,10,22
cloudmusic,Mouse,3,2024,10,22
MuMuPlayer,Mouse,1955,2024,10,22
steamwebhelper,Mouse,6,2024,10,22
devcpp,Mouse,43,2024,10,22
Code,Mouse,869,2024,10,22
QQ,Mouse,388,2024,10,22
WeChat,Mouse,1123,2024,10,22
Typora,Mouse,5,2024,10,22
wps,Mouse,171,2024,10,22
mailmaster,Mouse,37,2024,10,22
SysDefault,Mouse,242,2024,10,22
msedge,Key,765,2024,10,23
WeChatAppEx,Key,5,2024,10,23
explorer,Key,99,2024,10,23
Code,Key,4933,2024,10,23
QQ,Key,1505,2024,10,23
WeChat,Key,3400,2024,10,23
et,Key,39,2024,10,23
wps,Key,120,2024,10,23
msedge,Mouse,4193,2024,10,23
HipsTray,Mouse,1,2024,10,23
WeChatAppEx,Mouse,45,2024,10,23
Clash for Windows,Mouse,14,2024,10,23
LockApp,Mouse,2,2024,10,23
StartMenuExperienceHost,Mouse,2,2024,10,23
SearchHost,Mouse,1,2024,10,23
ShellExperienceHost,Mouse,10,2024,10,23
explorer,Mouse,173,2024,10,23
cloudmusic,Mouse,4,2024,10,23
MuMuPlayer,Mouse,2636,2024,10,23
steamwebhelper,Mouse,4,2024,10,23
ui32,Mouse,52,2024,10,23
Code,Mouse,14451,2024,10,23
QQ,Mouse,778,2024,10,23
WeChat,Mouse,1893,2024,10,23
et,Mouse,33,2024,10,23
wps,Mouse,659,2024,10,23
SysDefault,Mouse,820,2024,10,23
msedge,Key,794,2024,10,24
WeChatAppEx,Key,1,2024,10,24
ApplicationFrameHost,Key,47,2024,10,24
explorer,Key,53,2024,10,24
MuMuPlayer,Key,30,2024,10,24
Code,Key,1870,2024,10,24
Feishu,Key,330,2024,10,24
QQ,Key,934,2024,10,24
WeChat,Key,3015,2024,10,24
Typora,Key,79,2024,10,24
wps,Key,13361,2024,10,24
msedge,Mouse,1843,2024,10,24
HipsTray,Mouse,2,2024,10,24
SnippingTool,Mouse,1,2024,10,24
WeChatAppEx,Mouse,107,2024,10,24
ApplicationFrameHost,Mouse,29,2024,10,24
StartMenuExperienceHost,Mouse,2,2024,10,24
SearchHost,Mouse,1,2024,10,24
explorer,Mouse,318,2024,10,24
cloudmusic,Mouse,3,2024,10,24
MuMuPlayer,Mouse,5470,2024,10,24
MuMuPlayerUpdater,Mouse,4,2024,10,24
Code,Mouse,1074,2024,10,24
Feishu,Mouse,87,2024,10,24
QQ,Mouse,669,2024,10,24
WeChat,Mouse,639,2024,10,24
Typora,Mouse,390,2024,10,24
photolaunch,Mouse,7,2024,10,24
wpp,Mouse,36,2024,10,24
wps,Mouse,1101,2024,10,24
SysDefault,Mouse,505,2024,10,24
msedge,Key,1542,2024,10,25
WindowsTerminal,Key,181,2024,10,25
WeChatAppEx,Key,7,2024,10,25
ShellExperienceHost,Key,3,2024,10,25
explorer,Key,15,2024,10,25
devcpp,Key,9636,2024,10,25
Code,Key,2532,2024,10,25
Feishu,Key,134,2024,10,25
QQ,Key,5218,2024,10,25
WeChat,Key,1212,2024,10,25
Typora,Key,1090,2024,10,25
wps,Key,237,2024,10,25
wpspdf,Key,187,2024,10,25
TickTick,Key,134,2024,10,25
SysDefault,Key,3,2024,10,25
msedge,Mouse,6223,2024,10,25
HipsTray,Mouse,1,2024,10,25
WindowsTerminal,Mouse,141,2024,10,25
OneDrive,Mouse,1,2024,10,25
WeChatAppEx,Mouse,20,2024,10,25
OpenWith,Mouse,1,2024,10,25
LockApp,Mouse,1,2024,10,25
StartMenuExperienceHost,Mouse,3,2024,10,25
ShellExperienceHost,Mouse,26,2024,10,25
explorer,Mouse,384,2024,10,25
cloudmusic,Mouse,20,2024,10,25
MuMuPlayer,Mouse,3503,2024,10,25
MuMuPlayerUpdater,Mouse,2,2024,10,25
steamwebhelper,Mouse,7,2024,10,25
devcpp,Mouse,1902,2024,10,25
Code,Mouse,367,2024,10,25
Feishu,Mouse,73,2024,10,25
QQ,Mouse,2299,2024,10,25
WeChat,Mouse,452,2024,10,25
Typora,Mouse,193,2024,10,25
wps,Mouse,3086,2024,10,25
wpspdf,Mouse,64,2024,10,25
TickTick,Mouse,45,2024,10,25
SysDefault,Mouse,703,2024,10,25
msedge,Key,782,2024,10,26
ShellExperienceHost,Key,35,2024,10,26
explorer,Key,6,2024,10,26
devcpp,Key,649,2024,10,26
QQ,Key,450,2024,10,26
et,Key,4,2024,10,26
wps,Key,4,2024,10,26
SysDefault,Key,2,2024,10,26
msedge,Mouse,982,2024,10,26
OneDrive,Mouse,2,2024,10,26
LockApp,Mouse,2,2024,10,26
StartMenuExperienceHost,Mouse,2,2024,10,26
SearchHost,Mouse,1,2024,10,26
ShellExperienceHost,Mouse,7,2024,10,26
explorer,Mouse,22,2024,10,26
cloudmusic,Mouse,2,2024,10,26
MuMuPlayer,Mouse,1224,2024,10,26
devcpp,Mouse,8,2024,10,26
Code,Mouse,1,2024,10,26
QQ,Mouse,438,2024,10,26
WeChat,Mouse,1,2024,10,26
et,Mouse,20,2024,10,26
wps,Mouse,1,2024,10,26
SysDefault,Mouse,62,2024,10,26
msedge,Key,891,2024,10,27
WeChatAppEx,Key,2,2024,10,27
ShellExperienceHost,Key,9,2024,10,27
explorer,Key,3,2024,10,27
MuMuPlayer,Key,17,2024,10,27
devcpp,Key,1489,2024,10,27
WeChat,Key,569,2024,10,27
SysDefault,Key,2,2024,10,27
msedge,Mouse,695,2024,10,27
SnippingTool,Mouse,1,2024,10,27
WeChatAppEx,Mouse,7,2024,10,27
Clash for Windows,Mouse,2,2024,10,27
StartMenuExperienceHost,Mouse,1,2024,10,27
ShellExperienceHost,Mouse,2,2024,10,27
explorer,Mouse,62,2024,10,27
cloudmusic,Mouse,10,2024,10,27
MuMuPlayer,Mouse,565,2024,10,27
devcpp,Mouse,5,2024,10,27
QQ,Mouse,15,2024,10,27
WeChat,Mouse,371,2024,10,27
wps,Mouse,103,2024,10,27
mailmaster,Mouse,16,2024,10,27
SysDefault,Mouse,149,2024,10,27
msedge,Key,978,2024,10,28
WindowsTerminal,Key,110,2024,10,28
WeChatAppEx,Key,8,2024,10,28
explorer,Key,42,2024,10,28
MuMuPlayer,Key,5,2024,10,28
Code,Key,5048,2024,10,28
QQ,Key,640,2024,10,28
WeChat,Key,2379,2024,10,28
et,Key,68,2024,10,28
wps,Key,18,2024,10,28
SysDefault,Key,11,2024,10,28
msedge,Mouse,2742,2024,10,28
HipsMain,Mouse,2,2024,10,28
HipsTray,Mouse,2,2024,10,28
WindowsTerminal,Mouse,9,2024,10,28
WeChatAppEx,Mouse,324,2024,10,28
Clash for Windows,Mouse,1,2024,10,28
ApplicationFrameHost,Mouse,4,2024,10,28
OpenWith,Mouse,2,2024,10,28
LockApp,Mouse,1,2024,10,28
StartMenuExperienceHost,Mouse,3,2024,10,28
SearchHost,Mouse,1,2024,10,28
ShellExperienceHost,Mouse,85,2024,10,28
explorer,Mouse,206,2024,10,28
cloudmusic,Mouse,25,2024,10,28
MuMuPlayer,Mouse,6846,2024,10,28
Code,Mouse,5566,2024,10,28
wemeetapp,Mouse,163,2024,10,28
QQ,Mouse,857,2024,10,28
WeChat,Mouse,1460,2024,10,28
Typora,Mouse,34,2024,10,28
et,Mouse,25,2024,10,28
wpp,Mouse,2,2024,10,28
wps,Mouse,281,2024,10,28
SysDefault,Mouse,968,2024,10,28
msedge,Key,229,2024,10,29
WindowsTerminal,Key,725,2024,10,29
WeChatAppEx,Key,3,2024,10,29
explorer,Key,60,2024,10,29
cloudmusic,Key,8,2024,10,29
MuMuPlayer,Key,5,2024,10,29
Code,Key,1989,2024,10,29
Feishu,Key,73,2024,10,29
QQ,Key,1520,2024,10,29
WeChat,Key,2832,2024,10,29
msedge,Mouse,1872,2024,10,29
WindowsTerminal,Mouse,205,2024,10,29
WeChatAppEx,Mouse,13,2024,10,29
Clash for Windows,Mouse,7,2024,10,29
Clash for Windows,Mouse,8,2024,10,29
LockApp,Mouse,4,2024,10,29
StartMenuExperienceHost,Mouse,4,2024,10,29
SearchHost,Mouse,1,2024,10,29
ShellExperienceHost,Mouse,25,2024,10,29
explorer,Mouse,577,2024,10,29
cloudmusic,Mouse,10,2024,10,29
MuMuPlayer,Mouse,1335,2024,10,29
Code,Mouse,6853,2024,10,29
Feishu,Mouse,372,2024,10,29
QQ,Mouse,794,2024,10,29
WeChat,Mouse,730,2024,10,29
Typora,Mouse,79,2024,10,29
wps,Mouse,377,2024,10,29
wpspdf,Mouse,2,2024,10,29
SysDefault,Mouse,568,2024,10,29
msedge,Key,1938,2024,10,30
WindowsTerminal,Key,991,2024,10,30
WeChatAppEx,Key,4,2024,10,30
ApplicationFrameHost,Key,14,2024,10,30
SearchHost,Key,10,2024,10,30
explorer,Key,165,2024,10,30
cloudmusic,Key,1,2024,10,30
MuMuPlayer,Key,17,2024,10,30
Code,Key,3509,2024,10,30
QQ,Key,1471,2024,10,30
WeChat,Key,1764,2024,10,30
Typora,Key,1407,2024,10,30
wpp,Key,1,2024,10,30
wps,Key,5728,2024,10,30
SysDefault,Key,12,2024,10,30
msedge,Mouse,10185,2024,10,30
HipsTray,Mouse,1,2024,10,30
SnippingTool,Mouse,1,2024,10,30
Notepad,Mouse,17,2024,10,30
WindowsTerminal,Mouse,710,2024,10,30
912bb683695358a54ae0c670461738984cbb5b95,Mouse,17,2024,10,30
WeChatAppEx,Mouse,23,2024,10,30
Clash for Windows,Mouse,9,2024,10,30
Clash for Windows,Mouse,22,2024,10,30
ApplicationFrameHost,Mouse,75,2024,10,30
LockApp,Mouse,1,2024,10,30
StartMenuExperienceHost,Mouse,3,2024,10,30
SearchHost,Mouse,1,2024,10,30
ShellExperienceHost,Mouse,19,2024,10,30
explorer,Mouse,801,2024,10,30
cloudmusic,Mouse,54,2024,10,30
MuMuPlayer,Mouse,4116,2024,10,30
BaiduNetdisk,Mouse,25,2024,10,30
devcpp,Mouse,1,2024,10,30
Code,Mouse,3927,2024,10,30
QQ,Mouse,1182,2024,10,30
WeChat,Mouse,771,2024,10,30
Typora,Mouse,723,2024,10,30
photolaunch,Mouse,32,2024,10,30
wpp,Mouse,88,2024,10,30
wps,Mouse,1383,2024,10,30
mailmaster,Mouse,85,2024,10,30
SysDefault,Mouse,900,2024,10,30
msedge,Key,1315,2024,10,31
WeChatAppEx,Key,2,2024,10,31
explorer,Key,4,2024,10,31
MuMuPlayer,Key,10,2024,10,31
Code,Key,213,2024,10,31
QQ,Key,2170,2024,10,31
WeChat,Key,2911,2024,10,31
Typora,Key,2996,2024,10,31
wps,Key,165,2024,10,31
SysDefault,Key,2,2024,10,31
msedge,Mouse,13190,2024,10,31
HipsTray,Mouse,2,2024,10,31
WeChatAppEx,Mouse,44,2024,10,31
Clash for Windows,Mouse,12,2024,10,31
ApplicationFrameHost,Mouse,3,2024,10,31
StartMenuExperienceHost,Mouse,1,2024,10,31
ShellExperienceHost,Mouse,15,2024,10,31
explorer,Mouse,212,2024,10,31
cloudmusic,Mouse,104,2024,10,31
MuMuPlayer,Mouse,3429,2024,10,31
Code,Mouse,751,2024,10,31
Feishu,Mouse,128,2024,10,31
QQ,Mouse,2394,2024,10,31
WeChat,Mouse,705,2024,10,31
Typora,Mouse,2180,2024,10,31
wps,Mouse,1895,2024,10,31
SysDefault,Mouse,1030,2024,10,31
msedge,Key,1755,2024,11,01
SearchHost,Key,63,2024,11,01
explorer,Key,30,2024,11,01
MuMuPlayer,Key,11,2024,11,01
Code,Key,4162,2024,11,01
QQ,Key,648,2024,11,01
WeChat,Key,646,2024,11,01
Typora,Key,947,2024,11,01
wps,Key,330,2024,11,01
SysDefault,Key,2,2024,11,01
msedge,Mouse,7268,2024,11,01
SnippingTool,Mouse,1,2024,11,01
Notepad,Mouse,30,2024,11,01
65edc4939843c90c34d61f4ce11704f09d3e5cb6,Mouse,1,2024,11,01
Clash for Windows,Mouse,3,2024,11,01
LockApp,Mouse,1,2024,11,01
StartMenuExperienceHost,Mouse,3,2024,11,01
SearchHost,Mouse,1,2024,11,01
ShellExperienceHost,Mouse,2,2024,11,01
explorer,Mouse,295,2024,11,01
cloudmusic,Mouse,122,2024,11,01
MuMuPlayer,Mouse,8036,2024,11,01
Code,Mouse,11837,2024,11,01
Feishu,Mouse,3,2024,11,01
QQ,Mouse,545,2024,11,01
WeChat,Mouse,595,2024,11,01
Typora,Mouse,413,2024,11,01
wpp,Mouse,11,2024,11,01
wps,Mouse,1207,2024,11,01
SysDefault,Mouse,679,2024,11,01
msedge,Key,1380,2024,11,02
SearchHost,Key,11,2024,11,02
ShellExperienceHost,Key,5,2024,11,02
explorer,Key,30,2024,11,02
cloudmusic,Key,5,2024,11,02
MuMuPlayer,Key,1,2024,11,02
Code,Key,606,2024,11,02
Feishu,Key,845,2024,11,02
QQ,Key,792,2024,11,02
WeChat,Key,316,2024,11,02
Typora,Key,1226,2024,11,02
wps,Key,5186,2024,11,02
SysDefault,Key,3,2024,11,02
msedge,Mouse,13378,2024,11,02
Clash for Windows,Mouse,8,2024,11,02
ApplicationFrameHost,Mouse,329,2024,11,02
SearchHost,Mouse,2,2024,11,02
ShellExperienceHost,Mouse,53,2024,11,02
explorer,Mouse,383,2024,11,02
cloudmusic,Mouse,31,2024,11,02
MuMuPlayer,Mouse,6122,2024,11,02
Code,Mouse,3376,2024,11,02
Feishu,Mouse,140,2024,11,02
QQ,Mouse,665,2024,11,02
WeChat,Mouse,213,2024,11,02
Typora,Mouse,1584,2024,11,02
photolaunch,Mouse,19,2024,11,02
wpp,Mouse,39,2024,11,02
wps,Mouse,3501,2024,11,02
client,Mouse,3,2024,11,02
SysDefault,Mouse,641,2024,11,02
msedge,Key,1963,2024,11,03
WeChatAppEx,Key,4,2024,11,03
explorer,Key,28,2024,11,03
MuMuPlayer,Key,16,2024,11,03
steamwebhelper,Key,9,2024,11,03
dnftm,Key,19,2024,11,03
Code,Key,249,2024,11,03
Feishu,Key,259,2024,11,03
QQ,Key,3374,2024,11,03
WeChat,Key,4441,2024,11,03
copytranslator,Key,99,2024,11,03
Typora,Key,49,2024,11,03
wpp,Key,16,2024,11,03
wps,Key,2928,2024,11,03
SysDefault,Key,16,2024,11,03
msedge,Mouse,14468,2024,11,03
HipsTray,Mouse,1,2024,11,03
SnippingTool,Mouse,1,2024,11,03
OneDrive,Mouse,1,2024,11,03
WeChatAppEx,Mouse,13,2024,11,03
Clash for Windows,Mouse,39,2024,11,03
ApplicationFrameHost,Mouse,13,2024,11,03
Taskmgr,Mouse,1,2024,11,03
SearchHost,Mouse,1,2024,11,03
ShellExperienceHost,Mouse,41,2024,11,03
explorer,Mouse,584,2024,11,03
cloudmusic,Mouse,143,2024,11,03
MuMuPlayer,Mouse,6634,2024,11,03
steamwebhelper,Mouse,94,2024,11,03
dnftm,Mouse,549,2024,11,03
Code,Mouse,867,2024,11,03
Feishu,Mouse,94,2024,11,03
QQ,Mouse,2077,2024,11,03
WeChat,Mouse,1203,2024,11,03
copytranslator,Mouse,389,2024,11,03
Typora,Mouse,214,2024,11,03
et,Mouse,1,2024,11,03
photolaunch,Mouse,1,2024,11,03
wpp,Mouse,40,2024,11,03
wps,Mouse,7207,2024,11,03
SysDefault,Mouse,1216,2024,11,03
msedge,Key,1450,2024,11,04
SenaryAudioApp,Key,1,2024,11,04
WeChatAppEx,Key,1,2024,11,04
ApplicationFrameHost,Key,728,2024,11,04
SearchHost,Key,7,2024,11,04
explorer,Key,43,2024,11,04
MuMuPlayer,Key,25,2024,11,04
Code,Key,113,2024,11,04
Feishu,Key,255,2024,11,04
wemeetapp,Key,2,2024,11,04
QQ,Key,2191,2024,11,04
WeChat,Key,1649,2024,11,04
et,Key,15,2024,11,04
wps,Key,1061,2024,11,04
SysDefault,Key,11,2024,11,04
msedge,Mouse,5017,2024,11,04
HipsTray,Mouse,4,2024,11,04
SenaryAudioApp,Mouse,14,2024,11,04
OneDrive,Mouse,1,2024,11,04
WeChatAppEx,Mouse,2,2024,11,04
Clash for Windows,Mouse,6,2024,11,04
ApplicationFrameHost,Mouse,1266,2024,11,04
PickerHost,Mouse,1,2024,11,04
StartMenuExperienceHost,Mouse,2,2024,11,04
SearchHost,Mouse,2,2024,11,04
ShellExperienceHost,Mouse,53,2024,11,04
explorer,Mouse,344,2024,11,04
cloudmusic,Mouse,5,2024,11,04
MuMuPlayer,Mouse,3411,2024,11,04
steamwebhelper,Mouse,1,2024,11,04
Code,Mouse,300,2024,11,04
Feishu,Mouse,302,2024,11,04
wemeetapp,Mouse,166,2024,11,04
QQ,Mouse,729,2024,11,04
WeChat,Mouse,325,2024,11,04
et,Mouse,7,2024,11,04
photolaunch,Mouse,7,2024,11,04
wpp,Mouse,49,2024,11,04
wps,Mouse,2667,2024,11,04
SysDefault,Mouse,721,2024,11,04
msedge,Key,1210,2024,11,05
WeChatAppEx,Key,1,2024,11,05
SearchHost,Key,8,2024,11,05
explorer,Key,89,2024,11,05
MuMuPlayer,Key,7,2024,11,05
devcpp,Key,3709,2024,11,05
Code,Key,4028,2024,11,05
QQ,Key,1529,2024,11,05
WeChat,Key,687,2024,11,05
wps,Key,17,2024,11,05
SysDefault,Key,2,2024,11,05
msedge,Mouse,5479,2024,11,05
WeChatAppEx,Mouse,3,2024,11,05
Clash for Windows,Mouse,1,2024,11,05
ApplicationFrameHost,Mouse,5,2024,11,05
PickerHost,Mouse,3,2024,11,05
StartMenuExperienceHost,Mouse,4,2024,11,05
SearchHost,Mouse,2,2024,11,05
ShellExperienceHost,Mouse,16,2024,11,05
explorer,Mouse,237,2024,11,05
cloudmusic,Mouse,3,2024,11,05
MuMuPlayer,Mouse,5103,2024,11,05
devcpp,Mouse,355,2024,11,05
Code,Mouse,3140,2024,11,05
Feishu,Mouse,27,2024,11,05
QQ,Mouse,580,2024,11,05
WeChat,Mouse,315,2024,11,05
wps,Mouse,3,2024,11,05
SysDefault,Mouse,581,2024,11,05
msedge,Key,1442,2024,11,06
Notepad,Key,142,2024,11,06
WindowsTerminal,Key,1829,2024,11,06
msiexec,Key,8,2024,11,06
SearchHost,Key,6,2024,11,06
explorer,Key,1142,2024,11,06
MuMuPlayer,Key,3,2024,11,06
steamwebhelper,Key,11,2024,11,06
devcpp,Key,18509,2024,11,06
Code,Key,6,2024,11,06
Feishu,Key,15,2024,11,06
QQ,Key,2068,2024,11,06
WeChat,Key,13,2024,11,06
wps,Key,33,2024,11,06
SysDefault,Key,18,2024,11,06
msedge,Mouse,5816,2024,11,06
Notepad,Mouse,49,2024,11,06
WindowsTerminal,Mouse,710,2024,11,06
Clash for Windows,Mouse,4,2024,11,06
Clash for Windows,Mouse,6,2024,11,06
ApplicationFrameHost,Mouse,117,2024,11,06
SystemPropertiesAdvanced,Mouse,1,2024,11,06
msiexec,Mouse,44,2024,11,06
StartMenuExperienceHost,Mouse,4,2024,11,06
SearchHost,Mouse,4,2024,11,06
ShellExperienceHost,Mouse,12,2024,11,06
explorer,Mouse,1113,2024,11,06
cloudmusic,Mouse,2,2024,11,06
MuMuPlayer,Mouse,2546,2024,11,06
steamwebhelper,Mouse,208,2024,11,06
devcpp,Mouse,10045,2024,11,06
Code,Mouse,123,2024,11,06
Feishu,Mouse,203,2024,11,06
QQ,Mouse,419,2024,11,06
WeChat,Mouse,26,2024,11,06
photolaunch,Mouse,230,2024,11,06
wps,Mouse,484,2024,11,06
SysDefault,Mouse,1069,2024,11,06
msedge,Key,1363,2024,11,07
Notepad,Key,52,2024,11,07
explorer,Key,23,2024,11,07
cloudmusic,Key,1,2024,11,07
MuMuPlayer,Key,6,2024,11,07
Code,Key,2404,2024,11,07
QQ,Key,2838,2024,11,07
WeChat,Key,3589,2024,11,07
wps,Key,12,2024,11,07
SysDefault,Key,2,2024,11,07
msedge,Mouse,11049,2024,11,07
HipsTray,Mouse,5,2024,11,07
Notepad,Mouse,3,2024,11,07
Clash for Windows,Mouse,20,2024,11,07
ApplicationFrameHost,Mouse,27,2024,11,07
Taskmgr,Mouse,2,2024,11,07
LockApp,Mouse,1,2024,11,07
StartMenuExperienceHost,Mouse,3,2024,11,07
ShellExperienceHost,Mouse,4,2024,11,07
explorer,Mouse,191,2024,11,07
cloudmusic,Mouse,12,2024,11,07
MuMuPlayer,Mouse,5173,2024,11,07
BaiduNetdisk,Mouse,96,2024,11,07
Code,Mouse,1970,2024,11,07
Feishu,Mouse,7,2024,11,07
QQ,Mouse,682,2024,11,07
WeChat,Mouse,979,2024,11,07
photolaunch,Mouse,22,2024,11,07
wps,Mouse,340,2024,11,07
wpspdf,Mouse,1,2024,11,07
SysDefault,Mouse,898,2024,11,07
msedge,Key,1257,2024,11,08
peazip,Key,3,2024,11,08
WindowsTerminal,Key,76,2024,11,08
WeChatAppEx,Key,17,2024,11,08
OpenWith,Key,1,2024,11,08
LockApp,Key,1,2024,11,08
explorer,Key,89,2024,11,08
MuMuPlayer,Key,9,2024,11,08
BaiduNetdisk,Key,3,2024,11,08
devcpp,Key,2063,2024,11,08
Code,Key,4486,2024,11,08
Feishu,Key,4,2024,11,08
QQ,Key,2093,2024,11,08
WeChat,Key,2043,2024,11,08
Typora,Key,80,2024,11,08
wps,Key,109,2024,11,08
SysDefault,Key,4,2024,11,08
msedge,Mouse,5638,2024,11,08
HipsTray,Mouse,4,2024,11,08
peazip,Mouse,66,2024,11,08
WinRAR,Mouse,4,2024,11,08
WindowsTerminal,Mouse,19,2024,11,08
WeChatAppEx,Mouse,87,2024,11,08
Clash for Windows,Mouse,5,2024,11,08
Clash for Windows,Mouse,9,2024,11,08
ApplicationFrameHost,Mouse,7,2024,11,08
OpenWith,Mouse,1,2024,11,08
StartMenuExperienceHost,Mouse,2,2024,11,08
SearchHost,Mouse,7,2024,11,08
ShellExperienceHost,Mouse,2,2024,11,08
explorer,Mouse,904,2024,11,08
cloudmusic,Mouse,8,2024,11,08
MuMuPlayer,Mouse,2884,2024,11,08
BaiduNetdisk,Mouse,19,2024,11,08
devcpp,Mouse,128,2024,11,08
Code,Mouse,13022,2024,11,08
Feishu,Mouse,17,2024,11,08
QQ,Mouse,2007,2024,11,08
WeChat,Mouse,1132,2024,11,08
Typora,Mouse,24,2024,11,08
photolaunch,Mouse,57,2024,11,08
wpp,Mouse,2,2024,11,08
wps,Mouse,351,2024,11,08
SysDefault,Mouse,792,2024,11,08
msedge,Key,75,2024,11,09
EasyConnect,Key,36,2024,11,09
WindowsTerminal,Key,16,2024,11,09
WeChatAppEx,Key,1,2024,11,09
SearchHost,Key,20,2024,11,09
ShellExperienceHost,Key,28,2024,11,09
explorer,Key,34,2024,11,09
devcpp,Key,2719,2024,11,09
Code,Key,150,2024,11,09
QQ,Key,9,2024,11,09
WeChat,Key,343,2024,11,09
SysDefault,Key,1,2024,11,09
msedge,Mouse,1093,2024,11,09
EasyConnect,Mouse,9,2024,11,09
HipsMain,Mouse,2,2024,11,09
WindowsTerminal,Mouse,13,2024,11,09
WeChatAppEx,Mouse,4,2024,11,09
EasyConnectInstaller,Mouse,2,2024,11,09
LockApp,Mouse,2,2024,11,09
StartMenuExperienceHost,Mouse,4,2024,11,09
ShellExperienceHost,Mouse,10,2024,11,09
explorer,Mouse,41,2024,11,09
cloudmusic,Mouse,1,2024,11,09
MuMuPlayer,Mouse,550,2024,11,09
steamwebhelper,Mouse,2,2024,11,09
BaiduNetdisk,Mouse,70,2024,11,09
devcpp,Mouse,181,2024,11,09
Code,Mouse,1591,2024,11,09
Feishu,Mouse,25,2024,11,09
QQ,Mouse,202,2024,11,09
WeChat,Mouse,90,2024,11,09
SysDefault,Mouse,113,2024,11,09
msedge,Key,23,2024,11,10
SearchHost,Key,1,2024,11,10
explorer,Key,2,2024,11,10
MuMuPlayer,Key,63,2024,11,10
Feishu,Key,27,2024,11,10
msedge,Mouse,11,2024,11,10
StartMenuExperienceHost,Mouse,5,2024,11,10
SearchHost,Mouse,1,2024,11,10
ShellExperienceHost,Mouse,7,2024,11,10
explorer,Mouse,7,2024,11,10
cloudmusic,Mouse,2,2024,11,10
MuMuPlayer,Mouse,162,2024,11,10
BaiduNetdisk,Mouse,34,2024,11,10
Feishu,Mouse,4,2024,11,10
WeChat,Mouse,4,2024,11,10
SysDefault,Mouse,22,2024,11,10
msedge,Key,472,2024,11,11
WeChatAppEx,Key,8,2024,11,11
ApplicationFrameHost,Key,30,2024,11,11
LockApp,Key,1,2024,11,11
SearchHost,Key,18,2024,11,11
explorer,Key,14,2024,11,11
MuMuPlayer,Key,24,2024,11,11
Code,Key,2631,2024,11,11
Feishu,Key,203,2024,11,11
wemeetapp,Key,20,2024,11,11
QQ,Key,1617,2024,11,11
WeChat,Key,6101,2024,11,11
wps,Key,820,2024,11,11
SysDefault,Key,1,2024,11,11
msedge,Mouse,1254,2024,11,11
WeChatAppEx,Mouse,167,2024,11,11
ApplicationFrameHost,Mouse,66,2024,11,11
LockApp,Mouse,1,2024,11,11
SearchHost,Mouse,2,2024,11,11
ShellExperienceHost,Mouse,18,2024,11,11
explorer,Mouse,476,2024,11,11
cloudmusic,Mouse,7,2024,11,11
MuMuPlayer,Mouse,7684,2024,11,11
steamwebhelper,Mouse,27,2024,11,11
Code,Mouse,3699,2024,11,11
Feishu,Mouse,55,2024,11,11
wemeetapp,Mouse,174,2024,11,11
QQ,Mouse,672,2024,11,11
WeChat,Mouse,2549,2024,11,11
wps,Mouse,612,2024,11,11
java,Mouse,3,2024,11,11
vivado,Mouse,2,2024,11,11
java,Mouse,1,2024,11,11
SysDefault,Mouse,766,2024,11,11
